bodyId,type,superclass,class,rootSide,entryNerve,mancType,status
802350,SNpp51,vnc_sensory,mechanosensory_proprioceptive,L,MetaLN,SNpp51,Traced
804010,SNpp50,vnc_sensory,mechanosensory_proprioceptive,L,MetaLN,SNpp50,Traced
804542,SNpp39,vnc_sensory,mechanosensory_proprioceptive,R,MesoLN,SNpp39,Traced
805712,SNpp51,vnc_sensory,mechanosensory_proprioceptive,R,MetaLN,SNpp51,Traced
806491,SNpp51,vnc_sensory,mechanosensory_proprioceptive,R,MetaLN,SNpp51,Traced
806859,SNpp51,vnc_sensory,mechanosensory_proprioceptive,R,MetaLN,SNpp51,Traced
807785,SNpp51,vnc_sensory,mechanosensory_proprioceptive,L,MesoLN,SNpp51,Traced
807900,SNpp39,vnc_sensory,mechanosensory_proprioceptive,R,MesoLN,SNpp39,Traced
807931,SNpp51,vnc_sensory,mechanosensory_proprioceptive,L,MesoLN,SNpp51,Traced
807970,SNpp41,vnc_sensory,mechanosensory_proprioceptive,L,MesoLN,SNpp41,Traced
808077,SNpp50,vnc_sensory,mechanosensory_proprioceptive,L,MesoLN,SNpp50,Traced
808491,SNpp50,vnc_sensory,mechanosensory_proprioceptive,L,MesoLN,SNpp50,Traced
808576,SNpp41,vnc_sensory,mechanosensory_proprioceptive,R,MesoLN,SNpp41,Traced
808592,SNpp50,vnc_sensory,mechanosensory_proprioceptive,R,MetaLN,SNpp50,Traced
808757,SNpp39,vnc_sensory,mechanosensory_proprioceptive,L,MesoLN,SNpp39,Traced
808818,SNpp50,vnc_sensory,mechanosensory_proprioceptive,L,MetaLN,SNpp50,Traced
808826,SNpp50,vnc_sensory,mechanosensory_proprioceptive,L,MesoLN,SNpp50,Traced
809027,SNpp41,vnc_sensory,mechanosensory_proprioceptive,R,MesoLN,SNpp41,Traced
809102,SNpp41,vnc_sensory,mechanosensory_proprioceptive,L,MesoLN,SNpp41,Traced
809230,SNpp50,vnc_sensory,mechanosensory_proprioceptive,L,MesoLN,SNpp50,Traced
809250,SNpp39,vnc_sensory,mechanosensory_proprioceptive,L,MesoLN,SNpp39,Traced
809278,SNpp39,vnc_sensory,mechanosensory_proprioceptive,R,MetaLN,SNpp39,Traced
809353,SNpp41,vnc_sensory,mechanosensory_proprioceptive,R,MesoLN,SNpp41,Traced
809398,SNpp39,vnc_sensory,mechanosensory_proprioceptive,L,MesoLN,SNpp39,Traced
809476,SNpp50,vnc_sensory,mechanosensory_proprioceptive,L,MesoLN,SNpp50,Traced
809595,SNpp50,vnc_sensory,mechanosensory_proprioceptive,R,MetaLN,SNpp50,Traced
809932,SNpp39,vnc_sensory,mechanosensory_proprioceptive,L,MetaLN,SNpp39,Traced
810041,SNpp39,vnc_sensory,mechanosensory_proprioceptive,R,MesoLN,SNpp39,Traced
810187,SNpp39,vnc_sensory,mechanosensory_proprioceptive,R,MetaLN,SNpp39,Traced
810445,SNpp39,vnc_sensory,mechanosensory_proprioceptive,R,MesoLN,SNpp39,Traced
810526,SNpp39,vnc_sensory,mechanosensory_proprioceptive,L,MetaLN,SNpp39,Traced
810643,SNpp50,vnc_sensory,mechanosensory_proprioceptive,R,MetaLN,SNpp50,Traced
810683,SNpp50,vnc_sensory,mechanosensory_proprioceptive,R,MetaLN,SNpp50,Traced
810800,SNpp51,vnc_sensory,mechanosensory_proprioceptive,R,MetaLN,SNpp51,Traced
811112,SNpp50,vnc_sensory,mechanosensory_proprioceptive,L,MesoLN,SNpp50,Traced
811124,SNpp50,vnc_sensory,mechanosensory_proprioceptive,L,MetaLN,SNpp50,Traced
811313,SNpp39,vnc_sensory,mechanosensory_proprioceptive,R,MesoLN,SNpp39,Traced
811348,SNpp50,vnc_sensory,mechanosensory_proprioceptive,L,MesoLN,SNpp50,Traced
811608,SNpp51,vnc_sensory,mechanosensory_proprioceptive,L,MesoLN,SNpp51,Traced
811919,SNpp50,vnc_sensory,mechanosensory_proprioceptive,R,MesoLN,SNpp50,Traced
812228,SNpp41,vnc_sensory,mechanosensory_proprioceptive,R,MetaLN,SNpp41,Traced
812422,SNpp39,vnc_sensory,mechanosensory_proprioceptive,L,MetaLN,SNpp39,Traced
812527,SNpp51,vnc_sensory,mechanosensory_proprioceptive,R,MetaLN,SNpp51,Traced
812610,SNpp50,vnc_sensory,mechanosensory_proprioceptive,L,MetaLN,SNpp50,Traced
812848,SNpp39,vnc_sensory,mechanosensory_proprioceptive,R,MetaLN,SNpp39,Traced
812869,SNpp50,vnc_sensory,mechanosensory_proprioceptive,R,MetaLN,SNpp50,Traced
812928,SNpp50,vnc_sensory,mechanosensory_proprioceptive,R,MetaLN,SNpp50,Traced
813011,SNpp50,vnc_sensory,mechanosensory_proprioceptive,R,MetaLN,SNpp50,Traced
813147,SNpp41,vnc_sensory,mechanosensory_proprioceptive,R,MetaLN,SNpp41,Traced
813286,SNpp50,vnc_sensory,mechanosensory_proprioceptive,R,MetaLN,SNpp50,Traced
813450,SNpp50,vnc_sensory,mechanosensory_proprioceptive,L,MetaLN,SNpp50,Traced
813516,SNpp50,vnc_sensory,mechanosensory_proprioceptive,R,MesoLN,SNpp50,Traced
813644,SNpp41,vnc_sensory,mechanosensory_proprioceptive,L,MetaLN,SNpp41,Traced
813911,SNpp39,vnc_sensory,mechanosensory_proprioceptive,L,MetaLN,SNpp39,Traced
814108,SNpp50,vnc_sensory,mechanosensory_proprioceptive,R,MesoLN,SNpp50,Traced
814484,SNpp50,vnc_sensory,mechanosensory_proprioceptive,L,MetaLN,SNpp50,Traced
814628,SNpp41,vnc_sensory,mechanosensory_proprioceptive,L,MetaLN,SNpp41,Traced
814742,SNpp51,vnc_sensory,mechanosensory_proprioceptive,R,MesoLN,SNpp51,Traced
814881,SNpp39,vnc_sensory,mechanosensory_proprioceptive,R,MetaLN,SNpp39,Traced
814905,SNpp39,vnc_sensory,mechanosensory_proprioceptive,L,MesoLN,SNpp39,Traced
814949,SNpp50,vnc_sensory,mechanosensory_proprioceptive,L,MesoLN,SNpp50,Traced
815569,SNpp39,vnc_sensory,mechanosensory_proprioceptive,L,ProLN,SNpp39,Traced
815843,SNpp51,vnc_sensory,mechanosensory_proprioceptive,L,ProLN,SNpp51,Traced
816304,SNpp51,vnc_sensory,mechanosensory_proprioceptive,R,MesoLN,SNpp51,Traced
816362,SNpp41,vnc_sensory,mechanosensory_proprioceptive,R,MesoLN,SNpp41,Traced
816388,SNpp39,vnc_sensory,mechanosensory_proprioceptive,L,MetaLN,SNpp39,Traced
816580,SNpp41,vnc_sensory,mechanosensory_proprioceptive,L,MetaLN,SNpp41,Traced
816782,SNpp39,vnc_sensory,mechanosensory_proprioceptive,R,ProLN,SNpp39,Traced
817150,SNpp50,vnc_sensory,mechanosensory_proprioceptive,L,MesoLN,SNpp50,Traced
817154,SNpp41,vnc_sensory,mechanosensory_proprioceptive,R,ProLN,SNpp41,Traced
817245,SNpp39,vnc_sensory,mechanosensory_proprioceptive,R,ProLN,SNpp39,Traced
817298,SNpp41,vnc_sensory,mechanosensory_proprioceptive,L,ProLN,SNpp41,Traced
817680,SNpp51,vnc_sensory,mechanosensory_proprioceptive,L,ProLN,SNpp51,Traced
817992,SNpp51,vnc_sensory,mechanosensory_proprioceptive,L,MesoLN,SNpp51,Traced
818478,SNpp50,vnc_sensory,mechanosensory_proprioceptive,R,MetaLN,SNpp50,Traced
818930,SNpp51,vnc_sensory,mechanosensory_proprioceptive,R,MetaLN,SNpp51,Traced
819219,SNpp50,vnc_sensory,mechanosensory_proprioceptive,L,MetaLN,SNpp50,Traced
819500,SNpp50,vnc_sensory,mechanosensory_proprioceptive,L,MetaLN,SNpp50,Traced
819524,SNpp41,vnc_sensory,mechanosensory_proprioceptive,R,MetaLN,SNpp41,Traced
819559,SNpp41,vnc_sensory,mechanosensory_proprioceptive,R,MetaLN,SNpp41,Traced
819633,SNpp50,vnc_sensory,mechanosensory_proprioceptive,L,MetaLN,SNpp50,Traced
819655,SNpp50,vnc_sensory,mechanosensory_proprioceptive,R,MesoLN,SNpp50,Traced
819822,SNpp50,vnc_sensory,mechanosensory_proprioceptive,L,MesoLN,SNpp50,Traced
820328,SNpp50,vnc_sensory,mechanosensory_proprioceptive,L,MetaLN,SNpp50,Traced
820887,SNpp41,vnc_sensory,mechanosensory_proprioceptive,R,MesoLN,SNpp41,Traced
821363,SNpp50,vnc_sensory,mechanosensory_proprioceptive,R,MetaLN,SNpp50,Traced
821947,SNpp51,vnc_sensory,mechanosensory_proprioceptive,L,MetaLN,SNpp51,Traced
822285,SNpp41,vnc_sensory,mechanosensory_proprioceptive,R,MesoLN,SNpp41,Traced
822523,SNpp51,vnc_sensory,mechanosensory_proprioceptive,R,MetaLN,SNpp51,Traced
822975,SNpp51,vnc_sensory,mechanosensory_proprioceptive,R,MetaLN,SNpp51,Traced
823347,SNpp39,vnc_sensory,mechanosensory_proprioceptive,R,MetaLN,SNpp39,Traced
823935,SNpp51,vnc_sensory,mechanosensory_proprioceptive,R,MesoLN,SNpp51,Traced
824107,SNpp41,vnc_sensory,mechanosensory_proprioceptive,R,MetaLN,SNpp41,Traced
824431,SNpp51,vnc_sensory,mechanosensory_proprioceptive,L,MesoLN,SNpp51,Traced
824940,SNpp50,vnc_sensory,mechanosensory_proprioceptive,R,MesoLN,SNpp50,Traced
826324,SNpp51,vnc_sensory,mechanosensory_proprioceptive,L,MetaLN,SNpp51,Traced
826386,SNpp41,vnc_sensory,mechanosensory_proprioceptive,R,MesoLN,SNpp41,Traced
828434,SNpp50,vnc_sensory,mechanosensory_proprioceptive,R,MetaLN,SNpp50,Traced
828811,SNpp51,vnc_sensory,mechanosensory_proprioceptive,L,MesoLN,SNpp51,Traced
829872,SNpp50,vnc_sensory,mechanosensory_proprioceptive,R,MesoLN,SNpp50,Traced
832162,SNpp50,vnc_sensory,mechanosensory_proprioceptive,R,MesoLN,SNpp50,Traced
833439,SNpp39,vnc_sensory,mechanosensory_proprioceptive,R,ProLN,SNpp39,Traced
834985,SNpp51,vnc_sensory,mechanosensory_proprioceptive,L,MesoLN,SNpp51,Traced
847034,SNpp50,vnc_sensory,mechanosensory_proprioceptive,R,MetaLN,SNpp50,Traced
875542,SNpp51,vnc_sensory,mechanosensory_proprioceptive,R,MesoLN,SNpp51,Traced
902316,SNpp51,vnc_sensory,mechanosensory_proprioceptive,L,MesoLN,SNpp51,Traced
903209,SNpp39,vnc_sensory,mechanosensory_proprioceptive,L,MetaLN,SNpp39,Traced
903377,SNpp50,vnc_sensory,mechanosensory_proprioceptive,L,MetaLN,SNpp50,Traced
903471,SNpp50,vnc_sensory,mechanosensory_proprioceptive,R,MetaLN,SNpp50,Traced
903831,SNpp50,vnc_sensory,mechanosensory_proprioceptive,R,MesoLN,SNpp50,Traced
903843,SNpp39,vnc_sensory,mechanosensory_proprioceptive,L,ProLN,SNpp39,Traced
905218,SNpp39,vnc_sensory,mechanosensory_proprioceptive,L,MesoLN,SNpp39,Traced
905219,SNpp50,vnc_sensory,mechanosensory_proprioceptive,L,MesoLN,SNpp50,Traced
905407,SNpp41,vnc_sensory,mechanosensory_proprioceptive,R,ProLN,SNpp41,Traced
905668,SNpp39,vnc_sensory,mechanosensory_proprioceptive,R,ProLN,SNpp39,Traced
906018,SNpp50,vnc_sensory,mechanosensory_proprioceptive,R,MesoLN,SNpp50,Traced
907742,SNpp39,vnc_sensory,mechanosensory_proprioceptive,R,MetaLN,SNpp39,Traced
907744,SNpp39,vnc_sensory,mechanosensory_proprioceptive,R,MetaLN,SNpp39,Traced
908277,SNpp50,vnc_sensory,mechanosensory_proprioceptive,R,MetaLN,SNpp50,Traced
908278,SNpp50,vnc_sensory,mechanosensory_proprioceptive,R,MetaLN,SNpp50,Traced
908603,SNpp51,vnc_sensory,mechanosensory_proprioceptive,R,MesoLN,SNpp51,Traced
908702,SNpp50,vnc_sensory,mechanosensory_proprioceptive,L,MesoLN,SNpp50,Traced
908723,SNpp50,vnc_sensory,mechanosensory_proprioceptive,L,MetaLN,SNpp50,Traced
908773,SNpp50,vnc_sensory,mechanosensory_proprioceptive,R,MesoLN,SNpp50,Traced
908774,SNpp50,vnc_sensory,mechanosensory_proprioceptive,R,MesoLN,SNpp50,Traced
909035,SNpp50,vnc_sensory,mechanosensory_proprioceptive,L,MetaLN,SNpp50,Traced
909036,SNpp50,vnc_sensory,mechanosensory_proprioceptive,L,MetaLN,SNpp50,Traced
909240,SNpp50,vnc_sensory,mechanosensory_proprioceptive,L,MetaLN,SNpp50,Traced
909477,SNpp39,vnc_sensory,mechanosensory_proprioceptive,L,MesoLN,SNpp39,Traced
909478,SNpp39,vnc_sensory,mechanosensory_proprioceptive,L,MesoLN,SNpp39,Traced
909548,SNpp39,vnc_sensory,mechanosensory_proprioceptive,R,MesoLN,SNpp39,Traced
909549,SNpp39,vnc_sensory,mechanosensory_proprioceptive,R,MesoLN,SNpp39,Traced
910406,SNpp51,vnc_sensory,mechanosensory_proprioceptive,L,MetaLN,SNpp51,Traced
910408,SNpp50,vnc_sensory,mechanosensory_proprioceptive,L,MetaLN,SNpp50,Traced
910413,SNpp39,vnc_sensory,mechanosensory_proprioceptive,L,MetaLN,SNpp39,Traced
910836,SNpp39,vnc_sensory,mechanosensory_proprioceptive,L,MesoLN,SNpp39,Traced
911307,SNpp51,vnc_sensory,mechanosensory_proprioceptive,R,MesoLN,SNpp51,Traced
911942,SNpp41,vnc_sensory,mechanosensory_proprioceptive,L,MesoLN,SNpp41,Traced
912317,SNpp50,vnc_sensory,mechanosensory_proprioceptive,L,ProLN,SNpp50,Traced
912444,SNpp50,vnc_sensory,mechanosensory_proprioceptive,R,MetaLN,SNpp50,Traced
913052,SNpp51,vnc_sensory,mechanosensory_proprioceptive,R,ProLN,SNpp51,Traced
913882,SNpp39,vnc_sensory,mechanosensory_proprioceptive,R,MesoLN,SNpp39,Traced
913886,SNpp39,vnc_sensory,mechanosensory_proprioceptive,R,MesoLN,SNpp39,Traced
914543,SNpp50,vnc_sensory,mechanosensory_proprioceptive,R,MetaLN,SNpp50,Traced
933121,SNpp50,vnc_sensory,mechanosensory_proprioceptive,R,MesoLN,SNpp50,Traced
933556,SNpp39,vnc_sensory,mechanosensory_proprioceptive,R,ProLN,SNpp39,Traced
933699,SNpp51,vnc_sensory,unknown_sensory,L,MetaLN,SNpp51,Traced
935383,SNpp51,vnc_sensory,mechanosensory_proprioceptive,L,ProLN,SNpp51,Traced
935541,SNpp39,vnc_sensory,mechanosensory_proprioceptive,L,ProLN,SNpp39,Traced
936028,SNpp50,vnc_sensory,mechanosensory_proprioceptive,L,MesoLN,SNpp50,Traced
936031,SNpp41,vnc_sensory,mechanosensory_proprioceptive,R,MesoLN,SNpp41,Traced
939462,SNpp50,vnc_sensory,mechanosensory_proprioceptive,L,MetaLN,SNpp50,Traced
1053563856,SNpp50,vnc_sensory,mechanosensory_proprioceptive,L,MesoLN,SNpp50,Traced
1058841949,SNpp50,vnc_sensory,mechanosensory_proprioceptive,L,MetaLN,SNpp50,Traced
1061501467,SNpp51,vnc_sensory,mechanosensory_proprioceptive,L,MesoLN,SNpp51,Traced
